Paper,Cleaned,CleanedBy,WordsAddedToDict,TyposFixed,WordsRemoved,RenderingIssues,ManuallyRemoveAuthorLicenseDOI,Notes
/home/cooper/src/FAccT-MF/Data/TXTs/CleanedPapers_LDA/2018/binns18a,1,AFC,1,"literatureincluding,fairnessand,benignonly,egalitarianismthe,groupeg,makerthat,example-or,casesoftenimpactmight,varietiesin,lippertrasmussen,visâ€”vis,selectionboth",1,0,0,
/home/cooper/src/FAccT-MF/Data/TXTs/CleanedPapers_LDA/2018/barabas18a,1,AFC,1,"predictionsreframing,statisticallydriven,doubleencoding,predictionoriented,riskneeds,hannahmoffat,propensityscore,empiricallygrounded",1,0,0,
/home/cooper/src/FAccT-MF/Data/TXTs/CleanedPapers_LDA/2018/buolamwini18a,1,AFC,1,"techlightestdarkest,evaluationapril,learningbased",1,0,0,
/home/cooper/src/FAccT-MF/Data/TXTs/CleanedPapers_LDA/2018/burke18a,1,AFC,1,"smallscale,thirdworld,userfocused,fairnessrelated,itembased,factorizationbased,-dimensional,rrromei,finegrained,filmnoir,documentaryfilmnoir,lenderborrower,providerside, andor,consumerand,providerfairness",1,0,0,
/home/cooper/src/FAccT-MF/Data/TXTs/CleanedPapers_LDA/2018/chouldechova18a,1,AFC,1,"groupswill,communitiessuch,biasesfor,governmentand,datadriven,screenedin,modelthe,afstthe,overoptimism,meaningfulfurthermore,meaningfulinformation,predictionwhere,re-arrestthan,post-implementation,nonnegligible",1,0,0,
/home/cooper/src/FAccT-MF/Data/TXTs/CleanedPapers_LDA/2018/datta18a,1,AFC,1,"advertiserthe, advertisersother,consumersmale,gendertargeted,executivelevel,soa,revenuefor,actorsother,adsdid,agencyan,employergiven,classthe,sexsegregated,icsand,learninggoogle,itselfirrespective ",1,0,0,
/home/cooper/src/FAccT-MF/Data/TXTs/CleanedPapers_LDA/2018/dwork18a,1,AFC,1,"out-ofsample,thoughtprovoking,wellcalibrated,measuretheoretic,out-ofgroup",1,0,0,
/home/cooper/src/FAccT-MF/Data/TXTs/CleanedPapers_LDA/2018/ekstrand18a,1,AFC,1,"privacyprotecting,wellversed,solitudeeg,postprocessing,multicriteria,privacypreserving,who-tofollow ",1,0,0,
/home/cooper/src/FAccT-MF/Data/TXTs/CleanedPapers_LDA/2018/ekstrand18b,1,AFC,1,"detrimentalinteraction,prugelbennett,mostplayed,ageactivity,kruskalwallis,userbased,one-size-fitsall,widelydistributed",1,0,0,
/home/cooper/src/FAccT-MF/Data/TXTs/CleanedPapers_LDA/2018/ensign18a,1,AFC,1,policywithout,1,0,0,
/home/cooper/src/FAccT-MF/Data/TXTs/CleanedPapers_LDA/2018/kamishima18a,1,AFC,1,"independenceenhanced,independenceenhancement, keywordmatching, clickthrough,sushiage, toprated,fairnessaware",1,0,0,
/home/cooper/src/FAccT-MF/Data/TXTs/CleanedPapers_LDA/2018/madaan18a,1,AFC,1,"stereotypeshow, mentionsimage, realisesfinds, lovesexplains, manwoman, actionsdaughter-of",1,0,0,
/home/cooper/src/FAccT-MF/Data/TXTs/CleanedPapers_LDA/2018/menon18a,1,AFC,1,"fairnessaware, threemain, discriminativewith, fairnessmeasures, methodindependent, bothmeasures, howwell, wemight, learningfor, distributiondependent, certifyingwhether, themodifiedheaviside, fromfinite, nothingmore, classprobabilities, ofwoodworth, seeappendix, itmeasures, demandingmore, nomatter, howmuch, tradeoffbetween, classprobability, ameasure, thanmen, tomake, formen",1,0,0,
/home/cooper/src/FAccT-MF/Data/TXTs/CleanedPapers_LDA/2018/phillips18a,1,AFC,1,"interpretableactivelearning, maximumclass, modelagnostic, slowcool, boundaryhugging, timeconsuming, percluster",1,0,0,
/home/cooper/src/FAccT-MF/Data/TXTs/CleanedPapers_LDA/2018/speicher18a,1,AFC,1,"maliciousor, highlevel, attributebased, audiencebased, dataincluding, datathat, selfreported, recordseven, sentenceare, userprovided, andin, casesnot, similarlyor, exaggeratedlybiased, resultsparticularly, attributessuggest",1,0,0,
../../Data/TXTs/CleanedPapers_LDA/2019/3287560.3287561.txt,1,AFC,1,"naturalmeasures, fairnesswas, modelincluding, contrivedin, conditionthat, inputis, formanipulating, africanamerican, africanamericans, equalizationmethod, deferralsthey, themyriad, investigationmight, approachwe",1,0,1,
../../Data/TXTs/CleanedPapers_LDA/2019/3287560.3287562.txt,1,AFC,1,"twolayer, themodel, recoveredmodel, unknownmodel, wefind, reconstructedmodel, amodel",1,0,1,
../../Data/TXTs/CleanedPapers_LDA/2019/3287560.3287563.txt,1,AFC,1,"raciallyindicative, judgeslimiting, sentencingthey, concernthe, judgesmore, assessmentsthey, contextthus, likelihoodor, riskthat, convictionsessentially,howmuch, amodel, groupwere, categoriesthose, asmeasured, predictionmade, beingmade, serveand",1,1,1,
../../Data/TXTs/CleanedPapers_LDA/2019/3287560.3287564.txt,1,AFC,1,"computingmethodologieslatent, variablemodels, confoundersunobserved, outcomeoften, effectthe, operationwhen, bymaximizing, treatmentthat, dayto-day, outcomean, modeldepicted, datageneration, fairnessaccuracy, thesemodels, autoencoderbased, inmeasuring, benchmarkfor, architectureit, fairaware, themost, removedmean, boundwithout, calculatedwhile, sincewe, ideawe, ",1,0,1,
../../Data/TXTs/CleanedPapers_LDA/2019/3287560.3287565.txt,1,AFC,1,decisonthey,1,0,1,
../../Data/TXTs/CleanedPapers_LDA/2019/3287560.3287566.txt,1,AFC,1,,0,1,1,
../../Data/TXTs/CleanedPapers_LDA/2019/3287560.3287567.txt,1,AFC,1,"teamand, databaseswe, waysand, problemsthat, predictthe, variableis, stand-insproxies, impactfor, admissionsthe, scholarshipthe, concernhow, bearand, waytransformations, problemshow, problemformulation, workthe, waysare, painstakinglyaligning, vision-rule-based, settingsthe, outcomestable, relationdifferent, processleads, qualityindeed, ratea, qualitya, sciencethe, endeavorsa, streetdata, kddan, problemsthe, interchangeablyif, allthe, practicethat, modelsformal, translationsa, problemsis, discoursesas, formulationof, translationcontingent, translationfinding, phasean, highlevel, thingas, decisionswithout, financeabilitya, datasetsinternal, itthe, formulationnot, qualityit, statisticshtml",0,0,1,
../../Data/TXTs/CleanedPapers_LDA/2019/3287560.3287568.txt,1,AFC,1,"sexualitywangkosinski, andmathematics, protocolbased, empiricismwas, bothmeasure, theworld, entwinedwith, throughmodulation, wangkosinski, ",1,1,1,
../../Data/TXTs/CleanedPapers_LDA/2019/3287560.3287569.txt,1,AFC,1,"priorwork, humancomprehensible, challengewith, normwith, theweights, perexplanation, themore, themone",1,0,1,
../../Data/TXTs/CleanedPapers_LDA/2019/3287560.3287570.txt,1,AFC,1,"humancentered,state-ofthe-art, ormost, electionmechanism, recommendationwith, chamberlaincourant, researchworks, strategyproofness,relatedworks",1,1,1,
../../Data/TXTs/CleanedPapers_LDA/2019/3287560.3287571.txt,1,AFC,1,"wewrite, theoryonline,relaxedmoreover",1,0,1,
../../Data/TXTs/CleanedPapers_LDA/2019/3287560.3287572.txt,1,AFC,1,"indicatorssuch, pronounsin, methodologiesmachine, popularand, consequencesis, tasksdetermining, occupationcan, gapie, gendersfor, philosophywe, curtainthe, relatedwork, helpwanted, andwe, pronounsare, attorneyphotographer, workit, evenwhen, endto-end, fasttext, mechanisman, indicatorsand, fairnessin, futurework, peroccupation, pertoken, imbalanceand, womenie, femalesurgeon, femalenursesurgeon, candidatesie, biographiesie, representationwe, femaley, maley",1,0,1,
../../Data/TXTs/CleanedPapers_LDA/2019/3287560.3287573.txt,1,AFC,1,"covary,corbettdavies,behaviorrelative,recidivism-asmeasured,conditionrelative",1,0,1,
../../Data/TXTs/CleanedPapers_LDA/2019/3287560.3287574.txt,1,AFC,1,"prehder, philton, sciencemachine, humansworkingwith, systemmight, andmost, layerwise, themodel, casesthat, ppoulin",0,0,1,
../../Data/TXTs/CleanedPapers_LDA/2019/3287560.3287575.txt,1,AFC,1,"genealoĞ´y,cateĞ´ories,attributesa,categoryafrican-american,onmany,areawhere, themethodological,groupbased, explicitlymade, formen, familiarwhite, notwomenmassey, classificationwas, thatmay, onefourth, intraracially, amachine, selfidentification, scrutinizedwhat, inmachine, learningwe",1,0,1,
../../Data/TXTs/CleanedPapers_LDA/2019/3287560.3287576.txt,1,AFC,1,"ameaningful, highutility, supplementedwith,illustratingwhen, institutionwould, bestresponse,relatedwork,highachieving,havemore, utilityuÏ„, ifuÏ„, expectedminimum, reasonnash, equilibriamay",1,0,1,
../../Data/TXTs/CleanedPapers_LDA/2019/3287560.3287577.txt,1,AFC,1,"likewe, transportationdata, relatedwork, queryspecific,highdimensional, firmswant, Ğ´ender, emaleother, oriĞ´in, emaleadowntownballard, cityresearcherspublic",0,0,1,
../../Data/TXTs/CleanedPapers_LDA/2019/3287560.3287578.txt,1,AFC,1,"studenta, costc, groupmembership, costsc, thesemodels, igmmaking,  rulesthresholding, themain",1,0,1,
../../Data/TXTs/CleanedPapers_LDA/2019/3287560.3287579.txt,1,AFC,1,"schoolwhich, populationlevel, wemodel, fprr, fnrr, fprs, fnrs, utilityus, hightype, aboundfinancial, moreinformed, relatedwork, persuasionmodel, studyexpected, grouplevel, ratesare",1,0,1,
../../Data/TXTs/CleanedPapers_LDA/2019/3287560.3287580.txt,1,AFC,1,"studiesmeasurement, sitesempirical, racialbias, adswe, conservativeand, disseminationmechanism, therewere, click-throughrates, photoswith, txagainst, associatedwith, addswere, americawhy, boxwe, muslimvoice, musliminst, themeasured,  themedian,africanamerican ",1,0,1,
../../Data/TXTs/CleanedPapers_LDA/2019/3287560.3287583.txt,1,AFC,1,"epdmetrics,contentproviders,studythe, mediaand,twodimensional, topranked,andmodules",1,1,1,
../../Data/TXTs/CleanedPapers_LDA/2019/3287560.3287584.txt,1,AFC,1,"fairnesswe,experienceand, andmade, throughalgorithmic, fairnesswhen, satisfiedcan, examplesthat, circumstanceseg, genderto, eopmoves, sameregardless, aliceeven, accountablethis, regardthrough, processand, utilitythe, utilitiesthis, predictorone, individualwill, advantageregardless, economicmodels, affairswhich, fairnessnamely, accuracycan, utilitywhich, accidentdue, drugsequally, accidentas, outcomejustifies, ssumptions, unnecessaryfrom, standpointto, theworst, quicklyas,  fairnessby",1,0,1,
../../Data/TXTs/CleanedPapers_LDA/2019/3287560.3287585.txt,1,AFC,1,"scsç¤¾ä¼šä¿¡ç”¨ä½“ç³», whichmakes, socio-technial, largemajority, columnand-row, è¯šä¿¡æ–‡åŒ–on, reasonswhy, topicreturn",,0,1,
../../Data/TXTs/CleanedPapers_LDA/2019/3287560.3287586.txt,1,AFC,1,"stop-and-frisk,stopping-andfrisking,metaalgorithm,fairnessmetric, representswhether, groupperformance, groupfair, relatedwork, quantificationoftheoutput, implementationdetails, weperformfive",1,0,1,
../../Data/TXTs/CleanedPapers_LDA/2019/3287560.3287587.txt,1,AFC,1,"preventionais, beenmetwith, predictingmental, highaccuracy, federalwide, andmodel, crowdworkers, clinicianpatient,badactors, ",0,0,1,
../../Data/TXTs/CleanedPapers_LDA/2019/3287560.3287588.txt,1,AFC,1,"relatedwork, leveltwo, capturemost, distributionwe, operationas, boundwithconcentration, directionie, whichwemaintain, hyperrexpression, observationsjust, biasedeg, discriminationor, programmingwe, programminglanguage, wemaintain, expectationee, decisionwe, distributiond, probabilitype, functionie, analysiswepropose, confidenceafter, languageusing, decoratorsand, fairnessaware, dataanalysis, aforedescribed, groupassuming,fromwhat",1,0,1,
../../Data/TXTs/CleanedPapers_LDA/2019/3287560.3287589.txt,1,AFC,1,"groupconditioned, fairnessenhancing, wemight, fromone, predictionswhile, algorithmsmaking, bottomwhen, computingmethodologiesmachine, tomeasures, groupbased, fairness-awaremachine, thegermancredit, whitewoman, zafarfairness, fairnessfocused, comparativesensitive-tnr, sensitive-calibrationto, scalibration-, wellcalibrated, traintest, numericalbinary, perrace, themean, fairnessaccuracy, labeledmetric, sensitive-calibrationfigure",1,0,1,
../../Data/TXTs/CleanedPapers_LDA/2019/3287560.3287590.txt,1,AFC,1,"relatedwork, humanlevel, limitationswe, featurebased, directionsour, bemore, howmachine, groundtruth, frommachine, ourmachine, inmachine, improvehuman, andmachine, declinewith, learningmodel, ofmachine, decreasingmachine, presentsmachine, accuracywe, examplebased, differencewith, predictionswhen, sincemachine, onmachine, wehave",1,0,1,
../../Data/TXTs/CleanedPapers_LDA/2019/3287560.3287591.txt,1,AFC,1,"computinginteraction, alexathe, useswas, beingscan, televisionsa,decadescould, twofactor, toosuccessful, expressionsthe, heethough, memorywith, dynamicsa, usan, distressa, likeminded, sleepclosed, positionwhile, behaviora, presencedesign, feelingsthere, dogsparticularly, sobbinga, momentummomentum, blinkof-an-eye, throughbarriers, agentwhich, face-toface, ever-moreeffective, thinkshows, chess-playingcomputer",1,0,1,
../../Data/TXTs/CleanedPapers_LDA/2019/3287560.3287592.txt,1,AFC,1,"andwu, inh, hypothesish, onehot, wewill, themarginal, betweenmarginal, andcrime, bthis, outperformance, reductionmarginal, fairnesssensitive, worstcase",1,0,1,
../../Data/TXTs/CleanedPapers_LDA/2019/3287560.3287594.txt,1,AFC,1,"problemwhere, racesu, whitehispanic, whiteblack, intrageolocation, incomex, approvaly, attributeawitha, geolocation-based, andweighted, writea, multiclassa, ",1,0,1,
../../Data/TXTs/CleanedPapers_LDA/2019/3287560.3287595.txt,1,AFC,1,"instanceembedding, commonlyused, lowdimensional, wewill, functionmx, conformalmethodswork, theywill, computew, aswell, futurework, highlyweighted, withmany, neighrbors, dwacmodels, learnw, proposedmeasure, ameasure, amulticlass, dwacmodel, lowdimensional",1,0,1,
../../Data/TXTs/CleanedPapers_LDA/2019/3287560.3287596.txt,1,AFC,1,"engineeringuse, casesdocumentation, humancentered, factsheets, futurework, knownmodel, toxicitymodel, themodel",0,0,1,
../../Data/TXTs/CleanedPapers_LDA/2019/3287560.3287597.txt,1,AFC,1,"inequalityreinforcing, worse-oeven, agent-classier, costsan, groupa, groupm, domain-specic, inwhichmanipulation, consideredmodels, oered, bto, argmaxid, non-monetarysuch, accessin, paymax, payos, subsidycf, benet,beneting, benets, oering, equilibriumwhen, partiesgroupsa, canmove, beforeimplies, awith, canmanipulate, onedimensional, hyperplanepd, argmaxi, candidatewith, manipulationmay, principalthe, distributionsda, classicationminus, unqualied, costc, costspd",1,1,1,
../../Data/TXTs/CleanedPapers_LDA/2019/3287560.3287598.txt,1,AFC,1,"akey, developmachine-learning, sciencesuch, designare, andmodels, systemmany, beenwritten, systemswill, researchersmiss, oneone, ",0,0,1,
../../Data/TXTs/CleanedPapers_LDA/2019/3287560.3287599.txt,1,AFC,1,"tomathematize, datadriven, aamay, relatedwork, themain, handwithaa, variableg, groupg, potentialv, groupsmore, ",1,0,1,
../../Data/TXTs/CleanedPapers_LDA/2019/3287560.3287600.txt,1,AFC,1,"andhsr, subgroupsa, inml, overviewsmetrics, topicshistory, computinghistorical, uponmethod, linearmodel, tomodern, dayml, fairnessone, amajor,domainwhere, ageneral, awidespread, scoreadjustment, testswhenwe, ratiomodel, criterionwhen, amodel, ",1,0,1,
../../Data/TXTs/CleanedPapers_LDA/2019/3287560.3287601.txt,1,AFC,1,"cherno-hoeding, thecg, gures, kmeans, yowwe, rightleaning, themost, politicalnewswe, warmstarting, groupsg, politicalnews, appropriatelyc, themean, argmaxi, forconstrainedbanditoptimizationconstrained, relatedwork, actionwith, unltered, weightwa, groupgi, ",1,1,1,
../../Data/TXTs/CleanedPapers_LDA/2020/3351095.3372824.txt,1,AFC,1,"resesearchers, europeangeneral, themodel, amethod, howmuch, relatedworks, awidely, usingmultiple, originalmodel, groupswe, answersrq, themajority, amodel, amsterdamwe, answerrq, futurework, predictivemodel",1,0,1,
../../Data/TXTs/CleanedPapers_LDA/2020/3351095.3372826.txt,1,AFC,1,"andwasows, problemwith, contextspecific, fromnorthpointe, thirdparty, learningmethod, bothwith, groupbased, thirdparties, selfidentification, andmeasured, countryspecific, andmeasurement, amultidimensional",1,0,1,
../../Data/TXTs/CleanedPapers_LDA/2020/3351095.3372827.txt,1,AFC,1,"twentyseven, problemnot,technologyis, cliniciansa, uptime, learningdriven, relationshipsnot, ",1,0,1,
../../Data/TXTs/CleanedPapers_LDA/2020/3351095.3372828.txt,1,AFC,1,"andprofessional, topicsemployment, methodologiesmachine, toolsmany, biasrelated, mlbased, racenorming, straightforwardit, rulebased, notmake, clearwhether, teamspecific, impacteven, studywas, de-biasingwithout, costde-biasing, ",0,0,1,
../../Data/TXTs/CleanedPapers_LDA/2020/3351095.3372829.txt,1,AFC,1,"fromarchives, themost, thenational, overrepresent, takenwithout, theremay, theml, yelpwikipedia, inmodels, amission, statementthis, documentingminority, communitycentered, leveragemore, themain, associatedwith, complywith, webscraped, webtextwebtext, taskswebtext, ofwebtext, complementdatasetmission, amission",1,0,1,
../../Data/TXTs/CleanedPapers_LDA/2020/3351095.3372830.txt,1,AFC,1,"explanationsandwhich, confrontedwith, usethe, solutionallowing, decisionmaker, makerby, practicebut, positivecomplicate, relevantand, featurehighlighting, thismust, worldand, onmodel, selfdealing, guidanceto, decisiona, creditorsand, partya, lawhas, informationto, subjectsmuch, rationalthan, witha, avoidedwith, onehas, purposeproviding, employmentwill, recoursewhereas, repayingand, featuresincome, attractiveand, spilloversboth, changeor, informationis, lowsimply, mightsomewhat, binaryin, paternalisticallychoose",1,0,1,
../../Data/TXTs/CleanedPapers_LDA/2020/3351095.3372831.txt,1,AFC,1,"crowdsource, disadvantagedwe, whichmore, wherewhite, towhat, amodel, mlmodels, towardml, surveybased, africanamerican, sideby-side, whichmeasures, eachmodel, fivepoint, themodel, theoutcome, whenwhite, twomodels, trade-offwas, fp-accmaj, outcomeraceusage-min, eachmodels, used-maj",1,0,1,
../../Data/TXTs/CleanedPapers_LDA/2020/3351095.3372832.txt,1,AFC,1,"acmdata, datamanagement, andmedicine, ultimatelymake, faterelevant, wewerent, perhapswe, aremissing, elementwhich, aroundwho, ",0,0,1,
../../Data/TXTs/CleanedPapers_LDA/2020/3351095.3372833.txt,1,AFC,1,"sideeffects, datapractice, systemmay, valueladen, problemswhich, human-onthe-loop,fromweb, algorithmandmachine, algorithmandmachine, pthis,humanin-the-loop, foreclosesmore, oneway, onwhat, transparencyor, algorithmand, accountabilityrelations, neededwith, authoridentified, andgovernanceor, anddecision, transparencyand, finetune, ",1,0,1,
../../Data/TXTs/CleanedPapers_LDA/2020/3351095.3372834.txt,1,AFC,1,"computingmethodologiesartificial, intelligencemachine, technologiesmight, themodel, exante, expost, twomain, aibased, integritybenevolence, integritybenevolence, qualitiesenvironmental, modelspecific, intelligibilitycomprehensibility, inceptionmayer, risktaking, ofmachine, nearestneighbour, outputy, userfriendly, trustworthymachine, highlevel, wemainly, ",1,1,1,
../../Data/TXTs/CleanedPapers_LDA/2020/3351095.3372835.txt,1,AFC,1,"techniquesmeanwhile, throughnlp, othermedia, lowquality, longrunning, containsmore, themwill, throughamazonmechanical, subthemes, aweek, crimethat, churchstarted, votermodeling, alignmentwomen, auditscode, amtworkers, onnov",0,0,1,
../../Data/TXTs/CleanedPapers_LDA/2020/3351095.3372836.txt,1,AFC,1,"formodel, relationshipsnon-causal, whereml, modelso, end-userswe, mappingsthey, explanationswith, areensembling, someai, whatwere, iswhat, explanandummay, realthat, explanationresult, robustnesseven, tomodel, wemay, relatedeven, theworld, welltheir, ofmultiplemethods,explanationsowe, setthe, almostequally-accurate, modelsfor, datajust, unexpectedif, whatwere",1,0,1,
../../Data/TXTs/CleanedPapers_LDA/2020/3351095.3372837.txt,1,AFC,1,"trainedwith, formodel, termword, classificationmodels, differencemetric, biasmeasures, debaising, deepmodel, networkwith, groupwemeasure, ofmodels, debiasedword, thewordsim, manwoman, boygirl, quickway, tomeasure, attributesgendernames,andreligions, embeddingmodels, ratingmovies, termswe, malefemale, representmuch, termword, weightsw, differenceaa-e, groupsaa-eaa-e",1,0,1,
../../Data/TXTs/CleanedPapers_LDA/2020/3351095.3372839.txt,1,AFC,1,"adjustedc, andc, modelagnostic, inmachine, metatraining, learningmodel, throughmeta-learningwe, ameta-learning, fairmaml, algorithmwill, featuresx, experimentedwith, performwell, situationsuggesting, optimizationusing, metamodel, africanamerican, themeta-training, procedurek, themeta-model, modelĞ´, functionuf, fromsimulating, thatwarnings, modelsone, fairnessuf, supersparse, metaloss, timeconsuming, originalmodel",1,0,1,
../../Data/TXTs/CleanedPapers_LDA/2020/3351095.3372840.txt,1,AFC,1,"thatmanywell-intentioned, algorithmswe, thinkingalgorithmic, realismthat, computationdesign, recognitiondriven, systemsintricate,multiplesunstable,concernswhich, studiesunder, formmost, fairnessfail, eldlawand,shiftwhich,debatedsuggests,  practicealgorithmic, narrowingwho,scrutinyinvolves,objectivitythe, subjectivityhas, value-freethey,politicsthey,algorithmseg,boundsall,constraintone,technochauvinism,tomisinformation,logicsnamely,intomachine, technologyinstead, timeswith, brightline, boundariesbetween, coincidedwith, algorithmsit, actorswhat,laissezfaire,notand,bethe,algorithmadditional,scienceinstead, tendencyand, fallacyhas, politicsthe, pluralismthe, standardsrendering, legiblewas, makingto, scientistsregardless,dynamicsin,commitmentsbetter    ",1,1,1,
../../Data/TXTs/CleanedPapers_LDA/2020/3351095.3372841.txt,1,AFC,1,"themajority, birthdayparty, kidsparty,pizzaparty,andtout, digitalstakeout, capacityto, softwaremay, downmenu,placewithin, searchwas, sincewe, configuredwith, selfidentify, demographicsnarc, demographicsle, covertin, oftin, itn, bothtin",1,0,1,
../../Data/TXTs/CleanedPapers_LDA/2020/3351095.3372842.txt,1,AFC,1,"computationmarket, equilibriamachine, datadriven, askwhether, frommore, blackassociated, unregulatedmonopoly,andmarginal,themarket,bestresponses, strategynash, zerowe, amultilinear,choicem,amarket,groupdependent, choosem, pointsm,writem",1,1,1,
../../Data/TXTs/CleanedPapers_LDA/2020/3351095.3372843.txt,1,AFC,1,"computinghci, methodologiesmachine, andmitigating, canwe, andmitigate, theword, furthermachine, containd, socialdemocratic, transformationmatrix, orthogal, betweenman, andwoman, thatmathematically, thewords, pwpositive, pwnegative, hardmitigation, datasetwe, longshort-memory, howwemitigated, thewikipedia, fromwikipedia, wikpedia, stubborness, unecessary, kruskalwallis, classifer, furthermodels, openmethodological, contextdependent",1,0,1,
../../Data/TXTs/CleanedPapers_LDA/2020/3351095.3372844.txt,1,AFC,1,"doteveryones, biasthat, trollsthe, workedits, capitalismthese, infomy, viewshowever, peopleive, platformswere, finethose, dataintensive",1,0,1,
../../Data/TXTs/CleanedPapers_LDA/2020/3351095.3372845.txt,1,AFC,1,"themost, amodels, transportothers, out-ofdistribution, thesemethods, linearmodels, negativeweight, wellthe, bothmethods, sexwr, poissonbl, methodologiesmachine, humancentered, settingwe, highdimensional,whitebox,experimentswe,wwork,whair, behaviorand,weightswhich, lengthwe, andmuch, generatorg, groundtruth, ofwomen, whenmapping, muchmore, weremarked, datags, blackto-white, black-towhite, ganmapping, lowrisk, supplementarymaterial, resuls, ganwill, hiredwe, thismodel, askingwhether, themodels, discriminationwe, classifierg, expectg, ands, experimentss, aswith, aswellwhen, decisionsand, doesa",1,0,1,
../../Data/TXTs/CleanedPapers_LDA/2020/3351095.3372846.txt,1,AFC,1,"bumpups, bumpup, recordlinkage, preconviction, chargesmay, priormisdemeanor, chargebased, twiceweekly, nonblack, whichwould, non-back, ",1,0,1,
../../Data/TXTs/CleanedPapers_LDA/2020/3351095.3372847.txt,1,AFC,1,"andweibull, systemsmake, amotivating, phouse, decisionmakermight, includeweibull, allocationmust, maximumutilization, becausebi, considerc, maxutilizing, mincj, minca, mincb, generatorpk,generatork, stepwe, mincnaeccb, mincnb, minc, maxutilization, andwhen, groupswe, utilizationu, maxvu, evveccminv, utilizationwe",1,1,1,
../../Data/TXTs/CleanedPapers_LDA/2020/3351095.3372848.txt,1,AFC,1,"futurework, maxjc, highestbidder-wins, maxisu, amatching, pfairness, phigh, useruc, satisfyingmultiple-task, zaxis, numberd, evenwhen, platformmechanisms, whomwe, optimalwithin, compositionmechanisms, envyfreeness, utilityp, overu, wemeasure, intercategory, wehave, usersthe, multipletask, bhigh, kbhigh, bhigh/blow, parametersk, ismetric-obliviousness",1,0,1,
../../Data/TXTs/CleanedPapers_LDA/2020/3351095.3372849.txt,1,AFC,1,"ecorrected, assessmet, formitigating, hiringwe",1,0,1,
../../Data/TXTs/CleanedPapers_LDA/2020/3351095.3372850.txt,1,AFC,1,"belowwe, trainedmodel, decisiontree, ylossf, yloss, fromwachter, distancemetric, dpp_diversityc, proximitywe, lendingclub, mixedintegercfwe, themixed, programmingmethod, crimedegree, loangrade, generatek,proposedmethod, featurebased, featureprior, diversecfwith, linearmlmodels, workclass, fromcounterfactuals, educationmasters, generatek, cfmethods, hinĞ´e_y",1,1,1,
../../Data/TXTs/CleanedPapers_LDA/2020/3351095.3372851.txt,1,AFC,1,"intial,mayand, doinduce, predictionwhen, taskwere, outcomeswhen, predition, settingthese, redenition, propensityscore, postprocessed, oine, path-specic, illsuited, evaluationmethods, outcomet, exchangeabilityy, wemeasured, decisiont, precisionrecall, precisioney, counterfacutal, wewish, observationaley, oset, doublyrobust, amodel, observationalmodelswe, observationalmodel, highrisk, welldened, groupa, modies, gfpr",1,1,1,
../../Data/TXTs/CleanedPapers_LDA/2020/3351095.3372852.txt,1,AFC,1,"inishing, relecting, decisionmakerÃ°clearly, trustÃ°showing, thatwe, themethod, wedemonstrate, theywere, trustdependant, mlmodels, commonai-assisted, informationÃ°the, posses, themodels, igure, highÃ°above, Ã°participants, thanmodel, andai-assisted, highconidence, onwhile, withprediction, graphsÃ°if, chanceÃ°a, togetherh, explanationa, calibrationmay, boundariesÅ›, lowconidence, setupÅ›the, ",1,1,1,
../../Data/TXTs/CleanedPapers_LDA/2020/3351095.3372853.txt,1,AFC,1,"authorsand, utilitarianmodels, finanically, applicationsğ‘‹pool, inğ‘‹pool, tomodify, findingwhich, countermeasures, themachine, risksmissing, systemwhen, modelbecause, potsmay, nonusers,actionablefeasible, ğµpot, xğµpot, collectiveğºpot, potmust, ğºpot, groupğº, setupwe, passthrough,solverwe, roadsmarked, ortools, utilityğ‘ˆ graphG, intog, followingmodification-cost, ",1,0,1,
../../Data/TXTs/CleanedPapers_LDA/2020/3351095.3372854.txt,1,AFC,1,"pitfallssuch, valueswe, examplescalls, actionwe, principlesethicsof, fatethey, ethicsto, theirmodules, conjunctionsuggesting, moralethical, impactswhichwould, lectureon, engineeringwith, thatcivicengagement, practicetheyre, greenmakes, analysislegitimizes, interacta, datadriven, infrastructurethe, otherthat, positiona, areassuch, lackingcolby, missionsthat, solutionsworking, andmodeling, linewithmy, overfittingreview, setsimages labelsthrough, mindby, itlike, coursesoften, problemstheres, computing-basedin, refutesvalues, bethat, attentionits",1,0,1,
../../Data/TXTs/CleanedPapers_LDA/2020/3351095.3372855.txt,1,AFC,1,"futurework, icdcode, introducedoctor, inmachine, recalln, icdto, sincewupc, arewarped, icdcodes, aremainly, twoways, bymasking, superconcept, icdontology, hamming-distanceyb, rulebased, recalln",1,0,1,
../../Data/TXTs/CleanedPapers_LDA/2020/3351095.3372856.txt,1,AFC,1,"facebooknetzdg, automationalso, actionsparticularly, computerhuman, welldesigned, netzdgwhat, netzdgwhat, compl, aints, complai, nts, questionin, inmaking, ismeaningful, inwhich, contrastare, presentedwith, procedurewell, challengeswith, theinstances, standardsand, transparencyrelated, journalisitic, yearmust, keyway, neededis, reportingmechanisms",1,0,1,
../../Data/TXTs/CleanedPapers_LDA/2020/3351095.3372857.txt,1,AFC,1,"requireso, allocationsay, codedmales, paritybased, paperhow, welfaresets, textwe, appendixthough, aswelfaremaximizing, endowedwith, onlynor, mainacademic, fairnessconstrained, environmentsconsider, industryclassication, principlea, metricsprobability, ratessliced, ishowwell, positivesdoes, fairnessadjusted, welfarebased, onlywelfare-enhancing, functionalsit, datasetx, classier-output, parametera, hardmargin, generalizationthe, constraintwhich, valuewe, argminÂµ, suce, outcomeby, welfareswhere, pathsas, denite, convexwe, conrm, maxjmj, partitionsm, changesyet, setm, classierthe",1,1,1,
../../Data/TXTs/CleanedPapers_LDA/2020/3351095.3372858.txt,1,AFC,1,"maxn, maxâ„“, negativehypergeometric, abovemodel, pickmb, givenma, drawma, isn, thatnf, shiftÎ³, sizema, apriori, utilitiesudv, letm, datasetmb, eventwi, distributiond, groupstiti, thek-th, groupsga, givenm, argmaxxwx, maximizeswx, utilitywxvw, utilitywxvw, maxxwx, argmaxx, letui, letma, utilitywi, assumingma, minma, allwi, fromgb, thereforena, binomialn, differenceudv,  allmale, candidatesmen, womenhave, tvda, whichwas, studentsma, groupgb, groupma/m, unconswould, argmaxÎ±, utilityu, selfcorrect, itemswith",1,0,1,
../../Data/TXTs/CleanedPapers_LDA/2020/3351095.3372859.txt,1,AFC,1,"refusal-a, problemmost, assessmentsmake, dataintensive, developmore, robustmethodological, warand, whowere, asmembers, andmarginalized, jobis",0,0,1,
../../Data/TXTs/CleanedPapers_LDA/2020/3351095.3372860.txt,1,AFC,1,"knowledgeseeking, selfregulation, antilgbt, moralis, selfdevelopment, selfcensorship, angloamerican, reinvestigate, employeephilosophers, metalevel, valueladen, inhouse, constitutionmaking, ethicsbased",0,0,1,
../../Data/TXTs/CleanedPapers_LDA/2020/3351095.3372861.txt,1,AFC,1,"ddimensional, investmentand, interventionsdecoupling, futurework, grouprealizability, whichmultiple, onedimensional, tprbr, fprbr, functiong, replaceg, improvementmay, trade-osbetween, metricsat, riskminimizing, thatx, ptptpra, ptp/cfp, themultivariate, anyw, mosthi, considerx, paramters, fpra, tpra, wtpra, wfpra, computewhether, classicationincluding, rulesachieves, algorithmcomes, twomajor, realizabilitythe, featuresleads, longterm, nearperfect, salaryw, gainw, utilitywe, maxaaa, balancewe, qualicationnot, institutionwe, spacex, wherex, fppy",1,1,1,
../../Data/TXTs/CleanedPapers_LDA/2020/3351095.3372862.txt,1,AFC,1,"performancebased, criticismwe, wewould, overdetermine, supervisedml, blackboxed, andwoolgar, globallydistributed, laborintensive, humancomputer, selfagreement, physicssoc-ph, peerreview, unlabled, itemsmentioned, interannotator, annotationwork, ",1,0,1,
../../Data/TXTs/CleanedPapers_LDA/2020/3351095.3372863.txt,1,AFC,1,"methodologiesmachine, nowmoved, overcrowded, newmisdemeanor, personlevel, anymodeling, anymachine, tomeasure, fromunder-represented, individualswhen, countmi, maxnĞ´i, minnĞ´i, andmore",1,0,1,
../../Data/TXTs/CleanedPapers_LDA/2020/3351095.3372864.txt,1,AFC,1,"computingmethodologiesmachine, ofml, acheive, individuallevel, fairml, inlcuding, regardingmitigating, dependants, opts, groupbased, oppposite",0,0,1,
../../Data/TXTs/CleanedPapers_LDA/2020/3351095.3372865.txt,1,AFC,1,"tomaintaining, whomentions, ",0,0,1,
../../Data/TXTs/CleanedPapers_LDA/2020/3351095.3372866.txt,1,AFC,1,"costr, setm, nearubiquitous, twomajor, pigeonholed, itemswe, useru, setm, casem, betweenmutable, linearfor, itemregions, realvalued, likelyan, themultplied, munavailable, initializem, regionswhile, thereforewe, continuewith, statementmirrors, alignedreachable, recoursethis, complexitymodels, multplied, toprandom",1,1,1,
../../Data/TXTs/CleanedPapers_LDA/2020/3351095.3372867.txt,1,AFC,1,"aidriven, advantagea, givein, modelsnamely, highimpact, machinelearning, organizationnamely, dimensionsprocedural, processthat, Î²faculty, phasesand, featureseven, variablesexit, voiceas, variablereputation, careernamely, competitorthat, exithirschman",1,0,1,
../../Data/TXTs/CleanedPapers_LDA/2020/3351095.3372868.txt,1,AFC,1,"ofpicial, specipic, replections, effectbased, subjectemphasis, measuresarticle, situationsarticle, extraeu",1,0,1,
../../Data/TXTs/CleanedPapers_LDA/2020/3351095.3372869.txt,1,AFC,1,"notand, criteriaperpetuate, caneven, promotejust, guaranteeor, incarcerationinstead, designof, interpretationnot, frommccleskey, whichwarrenmccleskey, casemccleskey, antisubordination, whitesnot, interrogatingwhether, secondmetric, legitimizingdemonstrate, assessmentsindeterminate, aws, antiblack, objectivitydoes, caseunited, supremecourt, detentionwhich, workand, andmass, individualsan, identityrather, assignsmeaning, imaginarya, andmore, biasand, disparitiesa, pastcrime, scoresblackness, lowlevel, antisubordination, humansa, ",1,1,1,
../../Data/TXTs/CleanedPapers_LDA/2020/3351095.3372870.txt,1,AFC,1,"bywachter, futurework, labourand, reportingmedium, setspecific, andwhat, andmodel, andu, onemethod, tomodel-agnostic",1,0,1,
../../Data/TXTs/CleanedPapers_LDA/2020/3351095.3372871.txt,1,AFC,1,"problemmay, canmake, worstoff, algorithmwill, chargedwithmaking, oncemetrics, weremore, watchwords",0,0,1,
../../Data/TXTs/CleanedPapers_LDA/2020/3351095.3372872.txt,1,AFC,1,"findingaas, aremade, usecases, whilem, theoryabowd, statisticalagencypractices, algorithmwas, theymeet, fairnessto, wemeasure, setupwe, limitedenglish, returningma, permillion, misallocationdetecting, anddawaare, bothmechanisms, givenmb, tomitigation, representationie, maxab, maxround, antemeasure",1,0,1,
../../Data/TXTs/CleanedPapers_LDA/2020/3351095.3372873.txt,1,AFC,1,"awknowledge, andprofessional, systemmanagementtechnology, methodicalantithetical, determinewhether, complywith, organizationinternal, ignoredeven, systemsif, safetycritical, traceabilitywhich, userelated, modelthis, consideredfor, definedencompassing, weightsto, managemanually, algorithmsee, non-additive, changesthe, andmake, scopingmapping, fariness, satisfactionthe, happy-golucky, riskbased, expressionsthose, donewhen, postlaunch",1,0,1,
../../Data/TXTs/CleanedPapers_LDA/2020/3351095.3372874.txt,1,AFC,1,"oddswith, fluxin, askwhat, actionreflection, principlesto, otherstheyre, ratherlike, evaluationto, acluwashington, rightsor, membershave, startingwith, thismoney, ofwho, decisionwho, arepanel, withits, decisionsso, iteven, rightpanel, trainingand",1,0,1,
../../Data/TXTs/CleanedPapers_LDA/2020/3351095.3372875.txt,1,AFC,1,"preprocurement, explanationscan, twostage, subjectcentric, rightsa, authorbinnsdiscussing, abovekatyalconsiders, publicprivate, riskmitigation, accountabilityindividual, multilayered, governanceand, dposart, dpiasart, obligationsboth, substantiveunder, governsboth, themthrough, notor, thirdparty, howsolely, systemwide, decision-makingart, behaviourthe, twoprong, dpiawhat, gdprhowever, wayas, unfairnessincluding, hrseia, systemslets, selfregulation, dpiataking, expertsis, processingart, constitutingthrough",1,0,1,
../../Data/TXTs/CleanedPapers_LDA/2020/3351095.3372876.txt,1,AFC,1,"longterm, waywill, nonrobust, theirgpaand, recoursewe, beginwithmore, wementioned, paperwhile, setax, someonemight, algorithmwould, attributesx, orw, failson",0,0,1,
../../Data/TXTs/CleanedPapers_LDA/2020/3351095.3372877.txt,1,AFC,1,"protectionsmay, privacyprotective, attributesthat, characteristicsto, fairnessenhancing, homemortgage, cosigners, evolutionwas, inmanyways, rerank, tomediate, notbe, notand, criticsm, uniformguidelines, selfassessment, permittedbut, requiredto, selfidentify, unknownwith, industrywide, intakeusually, selfreported, recordsthat, thatmotivated",0,0,1,
../../Data/TXTs/CleanedPapers_LDA/2020/3351095.3372878.txt,1,AFC,1,"whichwe, nonrobust, minakt, poissonrkt, sitek, letakt, acrossk, exploratoryrather, anlaytical, disagreemnt, andwidens, groupconditional, cmax, scorec, variablea, variablea, maxutil, tomove, changewith, maxutil, tightlyscoped, onestep, longterm, bymachine-learned, theway, anmdp, oline, groupspecic, misspecied, ",1,1,1,
../../Data/TXTs/CleanedPapers_LDA/2020/3351095.3372879.txt,1,AFC,1,"powerfuljre, computingempirical, workaround, altright, altlite, ingroup, onweb, thuleanperspective, prageruniversity, markdice, sargonofakkad, amrenvideos, contentwe, towardsmore, rqhowhave, themedia, jordanpetersonvideos, millennialwoes, agatanfoundation, reachabilityk, thealt-right, australianrealist, thearchangel, robinhoodukip, interanotator, agreementwas, rightcenter, mviews, anyalt-right, ",1,0,1,
../../Data/TXTs/CleanedPapers_LDA/2020/3351095.3373152.txt,1,AFC,1,"smokegas, methodologiesphilosophical/theoretical, topicscodes",0,0,1,
../../Data/TXTs/CleanedPapers_LDA/2020/3351095.3375234.txt,1,AFC,1,"noninformative, topdoc, modelsmachine, supportingmodels, overspecified, wellunderstood, interpretabilitily, descritptive, easy-tounderstand, queryq, sectiondescribed, out-ofvocabularyoov, avergare, sizek, havek, pertained, yeardate, aremore, andm-pyramid, noninformative, toppreference, pairs/featureswe, todrmmanddesm, forfidel, clueweben, forwhy, formaximum, fidelitywe, topresults, explanationmodel, easy-tounderstand, querydocument, /rankdi, /rankdj, preferencecoveragegiven, themaximum, reproducesbb, pcovmedicine, metricswe, modelswe, ",1,0,1,
../../Data/TXTs/CleanedPapers_LDA/2020/3351095.3375623.txt,1,AFC,1,"deradicalization, explicitlyeg, therehigh, psycheto, interpretabilityaccuracy, anewmethod, andmeasuring, stimulusi, stimulusj, lovehate, warmup, femalemale, embeddingw, psentiment, theorya, presentedwith, solveÎ±ÏˆÎ±, solveÎ±Ïˆpse, jndmeans, howwe, mcmcmethod, inword, electricianeg, coatwhose, questionanswering",1,0,1,
../../Data/TXTs/CleanedPapers_LDA/2020/3351095.3375624.txt,1,AFC,1,"researchwe, sincemachine, theywould, oneoff, stakeholderask, engagewith, thiswill, intelligencemachine, intomany, andml, europeangeneral, iuploss, stakeholderswho, thesemethods, argminÎ¸, interviewswith, non-profitmost, aremembers, onai, societywith, argmaxi, themodel, poormodel, distancemetricd, usergenerated, dmoderates, theywish, identifywhy, bhow, othersmentioned, howmuch, butwewant, ongoingmonitoring, taskedwith, techniqe, formodel, organizationa, whomake, backpropagating, tomanually, onmodel, inputx, intendedmany, organizationswe",1,0,1,
../../Data/TXTs/CleanedPapers_LDA/2020/3351095.3375709.txt,1,AFC,1,"Å‚imagenetÅ¾, stagnaimagenetnt, ofmichelle, asmost, ofdark, maledominated, annotatesai, femaleadult, darkliĞ´ht, fromwordnet, workwe, instructionswe, Å‚foster, dataÅ¾, Å‚coffee, tableÅ¾, amazonmechanical, amtmarketplace, Å‚conceptÅ¾, Å‚synsetÅ¾, metricÃ°individual, colorwe, andhard, beltconversational, personwho, Å‚ofensiveÅ¾, Å‚derogatoryÅ¾, Å‚slurÅ¾, Å‚not, ofensiveÅ¾, Å‚very, Å‚sensitiveÅ¾, Å‚levelÅ¾, Å‚unsafeÅ¾, associatedwith, Å‚safeÅ¾, non-imageableÃ°, Å‚positive, biasÅ¾, Å‚yesÅ¾, imageÅ¾, Å‚the, easewithwhich, theword, imageryÅ¾, imagesÅ¾, Å‚non-imageableÅ¾, wellaccepted, -point,Å‚high, Å‚low, imageryÅ¾",1,1,1,
../../Data/TXTs/CleanedPapers_LDA/2020/3351095.3375783.txt,1,AFC,1,"finegrained, valuevi, futurework, towardwomen, fourfifths, priorworks, usedmdps, tomodel, learnmore, commonmechanism, wemodel, bidsbti, prmaxbt, hask-parity, losek, rewritev, functionv, losen, winn, Ï†Î¸losen, storesv, underestimatesm, bidsÏ†Î¸, periodswhich, utilitiesui",1,0,1,
../../Data/TXTs/CleanedPapers_LDA/2020/3351095.3375784.txt,1,AFC,1,"themand, notare, ubiquitouseg, populationmost, policiesand, doesntat, amap, exclusioninclusion, datathe, countriesas, surveysdue, quomethodsthe, incomebased, targetingused, todaystem, bestperforming, engineeringwe, encodinga, nonparametrically, staus, prioriunless, errorsselecting, aibasedmethod, quomethods, erroror, withmembers, andmore, profilessuch, criteriatype, enablewider, bywhich, theymight, programeg, displaysfor, segmentthe, highvalue, modelagnostic, subgroupspecific",1,0,1,
../../Data/TXTs/CleanedPapers_LDA/2021/3442188.3445865,1,AFC,1,"sexfemale, smakes, addingğ‘‡, maxğ‘Œ, themaximumviolation, standardfairlearn, dsource, fsğ‘ƒsource, minğ‘“, scenarioğ‘¤, futurework, dsource, computingmethodologieslearningunder, safetycritical, manymethods, adaptationmethods, attributeğ´, ğ‘ƒsource, ğ‘ƒtarget, wewill, metricswe, ratioğ‘¤, varyingmagnitude, graphwhere, causaldafairlearn, underwhat, canwe, regressingğ‘Œ",1,0,1,
../../Data/TXTs/CleanedPapers_LDA/2021/3442188.3445867,1,AFC,1,"optimallythrough, circumstancea, circumstanced, circumstancemay, ofa, weprove, towhich, asv, processd, ifpa, whichpa, actionspace, variouspa, nonmonotone, societywith, intervenions, domultigenerational, payomaximizing, groupa, largewhich, ofmathematicalmodels",1,1,1,
../../Data/TXTs/CleanedPapers_LDA/2021/3442188.3445868,1,AFC,1,"pulledğ‘‡, maxğ‘‡, betweenmonetary, typicalmab, settingwithğ¾, utilityu_ğ‘“, maxğ‘–ğ¾, noninteger, thenğ‘‚ğ‘ƒğ‘‡, exactlyğ‘‡, henceğ‘‚ğ‘ƒğ‘‡, movingğ‘š, minğ‘‡ğ›½, minğbğ‘ğ›¼, maxğbğ‘ğ›¼, timesğ¶ğ‘ğ›¼, timesğ‘ˆğ¶ğµÎ´ğ‘–, endwe, minğ‘, preforming, wedefine, andkaufmann, selfregulation, shortterm, fairetc, minğğ¶ğ‘ğ›¼, maxğğ¶ğ‘ğ›¼, eventrğ‘‡, eventpbad, settingğ‘‡, functionğ‘”ğ‘¡, whereğ´ğ¿ğº, invokeğ´ğ¿ğº, armğ‘‚, logğ‘‡rğ´ğ¿ğº, timesğ‘‡, maxğğ¶ğ‘¡, maxğ›¼, armğ‘‡ğ›½, maxğğ¶, maxğ¾ğ‘‡, fmin, letğ‘‚ğ‘ƒğ‘‡, _ğ‘‚ğ‘ƒğ‘‡, ifrğ´ğ¿ğº",1,0,1,
../../Data/TXTs/CleanedPapers_LDA/2021/3442188.3445869,1,AFC,1,"ğ‘ğ‘™ğ‘œğ‘ğ‘˜, computingmethodologies, romanworld, modelğ‘€, variablesğ‘ˆ, ğ‘ ğ‘’ğ‘ğ‘ğ‘Ÿğ‘ğ‘¡ğ‘–ğ‘œğ‘›, ğ‘ie, ğ‘–ğ‘›ğ‘¡ğ‘’ğ‘Ÿğ‘£ğ‘’ğ‘›ğ‘¡ğ‘–ğ‘œğ‘›, ofğ‘‹, onğ‘, ğ‘‘ğ‘œğ‘ğ‘ğ‘™ğ‘ğ‘¢ğ‘™ğ‘¢ğ‘ , ğ‘ğ‘ğ‘™ğ‘ğ‘¢ğ‘™ğ‘¢ğ‘ , ğ´ğ‘Ÿğ‘¡ğ‘¤ğ‘œğ‘Ÿğ‘˜, artworkğº, setğ´ğºğ‘€, onğ´ğºğ‘€, letğ‘‹, imagesğ‘‹, expressionismversion, goghwe",1,0,1,
../../Data/TXTs/CleanedPapers_LDA/2021/3442188.3445870,1,AFC,1,"aibased, nonproft, generalaudience, nhearing, attention-defcit, timeconsuming, nonmonetary",1,1,1,
../../Data/TXTs/CleanedPapers_LDA/2021/3442188.3445871,1,AFC,1,"labseasily, visualisationsare, trusttransparency, particularappear, trustsupporting, trustthis, datanot, explainedat, sensorsoften, objectivecan, reducebut, eliminatecomplexity, crossdisciplinarity, andbased, thatwell-placed, ideala, propertiesand, concernedwith, transparentwhich, asmembers, designhere, howmight, contextspecific, finegrained, exmaple, andwhat, issuesmay, incompletenessor, myexperiment, canfor, contextssupport, twoor, trustclearly, fulfilment, appearhence, sciencespecifically",0,0,1,
../../Data/TXTs/CleanedPapers_LDA/2021/3442188.3445872,1,AFC,1,"itbut, underrepresents, underscrutinizes, datasetsby, questionsand, counterdata, processesincluding, collectionpower, participationwashing, purposesmuch, reportingin, matchingthe, representas, populationthat, communitiesto, stakeholdersespecially, byminsky, ofmeanings, anothera, inferencemulticollinearity, meansrepresentative, equivalencethat, includeor, notwill, probabilitybased, probleman, achieveand, bea, nonpreferential, industry-groupswithin, occupationa, ideala, canwe, awider, designa, semanticsthey, wordoccurring, concernsbut, theword, wordquite, inequitiessometimes, inclusiveml-driven, performativethat, authoritymerited, resemblancein, participatethereby, logicsone, peoplewhat, whomay, farmersindeed, scientistsbut, decidingwhich, ormore, obviouslyall, herethe, idealsand, thoughmiddletown, itwas, itan, bothconcepts, partiesat, andmajor, biasa, datarepresentative, accuracyhow, pastbut, aspirationdo, facctdata, groupsa, doall, dataoften, dataso, targetsomething, informationin, judgementbased, representativenessrelated",0,0,1,
../../Data/TXTs/CleanedPapers_LDA/2021/3442188.3445873,1,AFC,1,"cleanwater, workow, andprofessional, topicsgovernmental, computingmethodologiesmachine, designwill, indepth, calenviroscreen, ofnpdespermittees, sanmateo, ejcreen, epawould, riskmodels, pollutantwith, eachmodel, risktargeted, kolmogorovsmirnov, individualmajor, precisionrecall, riskselected, comparingmodel, substantivemeasures, classicationmodel, identiesmore, npdespermitteesagged, facilitieswould, groundmay, dischargeover-limit, protoypical, veyear, ocial, reectswhich",1,1,1,
../../Data/TXTs/CleanedPapers_LDA/2021/3442188.3445874,1,AFC,1,"evenwhere, muchmore, beenwritten, enrolments, popular/frequentlyoccurring, andweb, twostep, culturallydiverse, malefemale, distinctsuch, aparticularly, stevehenn, futurework, transparencywithin",1,0,1,
../../Data/TXTs/CleanedPapers_LDA/2021/3442188.3445875,1,AFC,1,"crossdomain, highmagnitude, valuesğ‘¤ğ‘, weightsğ‘Š, theshold, confidenceğ‘šğ‘¥, offensivelanguage, harmfulwhite, Î´â„blackwhite, harmfulwe, predictionsdata, predictionsğ‘Œ, andğ‘Œ, ",1,0,1,
../../Data/TXTs/CleanedPapers_LDA/2021/3442188.3445876,1,AFC,1,"andprofessional, topicsuser, fairnessmeasures, variablesğ‘‹ğ‘Œ, indepencende, groupsğ´, labelğ‘Œ, independenceğ‘…, nonvanishing, variablesğ‘Œ, canmake, whichwould, independencemay, oftenmentioned, haveğ‘Œ, bemembers, makingmistakes",1,0,1,
../../Data/TXTs/CleanedPapers_LDA/2021/3442188.3445877,1,AFC,1,"indepth, policeinitiated, districtit, surveybased, onwhere, mavgmodel, inmany, respectivemaximumaverage, underor, underpredicted, seppmodels, wherehc, dicretize, policecan, windowand, ratesie, completedata, bogotÃ¡and, therea, normalizedcc",1,1,1,
../../Data/TXTs/CleanedPapers_LDA/2021/3442188.3445878,1,AFC,1,"computingmethodologiesmachine, amotivating, detectionwe, themodel, detectionwith, grouplevel, whereÏ€pq, groupwe, futurework, distributionsÎ³, xywhose, intuitivelyÎ³, modelas, networkĞ´Î¸d, wewill, datax, mnistinvert, twomethods, detectionmethods, figureswe, detectionmodelswith, svddwith, showwhy, svddmake",1,0,1,
../../Data/TXTs/CleanedPapers_LDA/2021/3442188.3445879,1,AFC,1,"existingdpgans, simultaneouslymaintainmodel, highdimensional, againstmembership, measureswe, state-of-theart, futurework, ganmodel, trained, without, bycooks, privacywe, sampledgaussianmechanism, wegenerate, classicationmodel, frommodels, aucdierence, performancegap, ondownstreamclassicationaucand, themajority, themodels, reproducedmore, imageswith, themimic, facialdatasets, achievemuch, non-pgmodels, non-dpmodels, imagemodels, onmimic-cxr, pg-ganmodels",1,1,1,
../../Data/TXTs/CleanedPapers_LDA/2021/3442188.3445880,1,AFC,1,"futurework, beenmaintained, interorganizational, documentingmachine, peoplewho, sincewereworkingwith, niceto-have, analize, reflexivitythe, cleaninglabeling, technologyassisted, documentationrelated, topicsquality",1,0,1,
../../Data/TXTs/CleanedPapers_LDA/2021/3442188.3445881,1,AFC,1,"onethird, somaydirect, olderminority, andmarginal, meansquared, populationwith, safegraphmeasures, bematched, datacontaining, agecan, smartphonebased, nativeamerican, covid--related, paperwe, awidely-used, coveragewith, brick-andmortar, ofmanipulability, andworse, receptionwhich, covidresearch, covidresponse, covidanalyses, hmeasures",1,1,1,
../../Data/TXTs/CleanedPapers_LDA/2021/3442188.3445882,1,AFC,1,"workwewill, costsharing, operatedwith, thanmultiple, insolvencybased, deviationp, premiummodel, premiumwith, premiumswhen, insurancemodel, aremore, terminologywe, corestable, highrisk, maxsubsidy, howmuch, individualsa, onewell-knownway, associatedwith, theymight ",1,1,1,
../../Data/TXTs/CleanedPapers_LDA/2021/3442188.3445883,1,AFC,1,"overparameterized, overparametrized, featurewe, commenttoxicity-detection, modelm, errorm, underparametrized, featuresy, nomeasure, anyd, robusterror, soblivious, formwith, modelsw, alongwith, attributeswe, choosewearing, lipstickwhich, toxic-commentdetection, toxicgay, bottommodel, fullmodel, themajority, poitns, reasoningwhen",1,1,1,
../../Data/TXTs/CleanedPapers_LDA/2021/3442188.3445884,1,AFC,1,"computingmethodologiesmachine, opportunitymetric, predictinga, biasq, regionsa, maritalstatus, workclass, finiteg, samplingwhere, datasetindependence, weuse, maxu, minu, errorsĞ´Ğ´",1,0,1,
../../Data/TXTs/CleanedPapers_LDA/2021/3442188.3445885,1,AFC,1,"bywork, feminisminformed, tomany, dataputting, protestrelated, casemajor, datacollecting, ther, amodel, deceptionsupport, state-ofthe-art, inwhich, proteinfolding, policymay, rightto-delete",1,0,1,
../../Data/TXTs/CleanedPapers_LDA/2021/3442188.3445886,1,AFC,1,"featurebased, close-enough-possibleworlds, closest-possibleworlds, epistemologicalsemantic, philosophicalconceptual, modelâ„³ğ’°ğ’±â„±, purposerelative",1,0,1,
../../Data/TXTs/CleanedPapers_LDA/2021/3442188.3445887,1,AFC,1,"thanmultobj, ofmachine, noiseoblivious, utilitywi, maxx, has-racea, has-raceb, itemswith, attributeswe, isequal, representationlet, thetwogroups, anapproximation, programtarget, vectorw, //round, programdenoised, programtarget, targetwhich, minlâ„“, anduâ„“, minuâ„“, lpdenoised, resultsinformal, futurework, holdingm, fixedm, utilitieswi, cnnbased, attributewith, simulationwe, aman, incomewi, drawnwith,fless, fairrisk, ofmultobj, they-axis, noisenoise, asmultobjs, fblind, fairexpecgrpmultobj, modelmÎ¸, theycorrespondto, fmultobj, fairnesslevel, themeanwe, syntheticandreal-worlddatawe, noisemodel, argmaxj, darkskinned, theminority, themajority, ublind, utilitymetric, kullbackleibler, programdenoised",1,0,1,
../../Data/TXTs/CleanedPapers_LDA/2021/3442188.3445888,1,AFC,1,"towhether, selfidentification, themost, organizationmight, aweak, howmany, youwant, istoothless, unaddressedpossibly, eeoforms",1,0,1,
../../Data/TXTs/CleanedPapers_LDA/2021/3442188.3445890,1,AFC,1,"organizationsboth, boardsis, facework, citizensindividuals, trustworthinesssuch, literaturethis, xaiwithin, contextsa, trustworthinessnot, organizationthough, versaa, workeither,auditorthe, aisleadership,stepie, possiblymost, abirespectively, abilityrepresenting, sensecheck, trustworthinessthe, contextat, actionmayer, onemeans, qualitiesindeed, lawie, thinkingthe, fairnesswork, productand, teamin, principlesa, aienabled, ",0,0,1,
../../Data/TXTs/CleanedPapers_LDA/2021/3442188.3445892,1,AFC,1,"ğ›¼disparity, corbettdavies, grouplevel, futureworkmay, fourfifths, differencebased, groupbased, supporty, anyğ‘¦,aremeasurable, eqalized, resembleğ‘Œ, amodel, thewysiwygworldview, minprğ‘Œ, waeworldview, worldviewmotivates, outputğ‘Œ, andworldviews, andwysiwygworldviews, letğ‘‘, overy, allğ‘¢, andğ‘, ofğ‘Œ, hasğ‘Œ, andğ‘Œ, whenğ‘Œ, useğ‘Œ, ifğ‘Œ, thenğ‘Œ",1,0,1,
../../Data/TXTs/CleanedPapers_LDA/2021/3442188.3445894,1,AFC,1,"performmembership, oversensitivity, insection, butweaker, andprivacy, awell-knownmeeting, howmuch, perspectivewhile, supplementarymaterial, canbe, individualeg, resultsonmost, highprofile, howone, anotherhowever, trainingdata, followsmaybeviewedasunfair, aperson, thatwhether, approvedornotdependsonwhether, traininga, behvaiormay, undesireable, exploitsmemorization, aremore, producesmodels, cleareg, distancewas, trainingwe, inmain, themain,andmaximum, outcomewill, individualchanges, towhite, leaveone-out, isweaker, robustmodels, smoothingwefindthat, thesemethods, facthavevastlydifferent, tohavenoeffect, trainingamplifies, theproblem, fivemore, provideover, paperpresents, thefirst, whenğ‘§, trainingset, theright, thedatasetğ‘¥, amatchwith, lufwere, baselinemodel, exhibitedmore, fewerwith, lfwwhere, ismarkedlymore, predictedin, intuitionlinear, ofmemorization, pointswith, themajority, pgdmodel, frommodel, changeswill, androbustclassification, asmodels, thetradesalgorithm, pgdwith, leave-one-outunfairness, machinelearning, lfwmodel, germancredit, andmore, leave-oneout, changedwhenonlyğ‘§, individualsğ‘¥, privacyconsider,-knnmodel,twodata, fromeach, -knn, algorithmğ´, themodeleven, distributioncan, themaxim, thereforeaviolationofdifferential, privacythismakes, howpeople, amodel, interactwith, uscensus, donot, displayingwhat, theoriginalmodel, theoriginalmodel, datawhile, theywill, wepresent, trainedwith, randomsmoothingwhich,  onmodel, modelwhosefilters, modelâ„ğ‘†, trainmodels, instabilitywe, ofmodel, highnumber, linearmodels, pointsğ‘‚, themaximum, trainâ„ğ‘†, fromğ‘‚, setğ‘‚, layermodel, narrowermodel, rowprediction, confidenceon, thehorizontal, percentageof, stablepoints, experiencingluf, thevertical, bottomrow, modelwith, themain, fmnistwith, lfwused, andadult, themodels, ofmisidentification, theuse, fmnistmodel, indeep, datasetswe, learningmodel, lfwwe, ucigerman, face-matchingmodel, third-partymodels, contractswith, lawenforcementagencies, frompublic, ofcreative-commons, imageunrelated, butnot, learnedwithaspecified, thedecisionboundary, eachboxwesee, threepoints, theworst-caseprobability, outcomewould, thewild, changeacrossdatasetswithsingle-imagedifferenceswithsurprising, expectedluf, learningrules, lufâ„ğ‘ ğ‘¥, lufâ„ğ‘†ğ‘¥, asnot, characteristicsmore, theadult, ğœ–stable, contextmay, themodel, collegeeducated, thefigure, stabilitypropertyof, distributionğ·, womanmakes, datawithout, predictionmirroring, tomitigate, wordsâ„ğ‘†, findingswith, frtmodels, modelsâ„ğ‘†, fromthedatasetthuseğ‘¥, pointbeingremoved, samepoint, pointwhen, leave-one-outstable, specificallywedemonstrate, lufeğ‘¥ğ·, effectmodel, predictionto, setğ‘†, ametric, contextie, setrather, fewwhomay, lufmax, otherwords, experiencedbyapersonğ‘¥, setcasting",1,0,1,
../../Data/TXTs/CleanedPapers_LDA/2021/3442188.3445895,1,AFC,1,"pricevaluation-demand, whichmay, actuariallyfair, lowincome, pricetargeting, thirddegree, settingwith, customerğ·, covariatebased, covariateconditional, wemay, wellunderstood, argmineğ·, groupsğ´, whowould, attributeblind, operationalizationwe, _scalarizedmulti-objective, Î³parametrized, ğ‘¥outliers, attributebased, firmmay, population-levelmarket, maxeğ‘",1,1,1,
../../Data/TXTs/CleanedPapers_LDA/2021/3442188.3445896,1,AFC,1,"experienceiterative, egniti, thewirein, andmethods, aspirationwe, inmachine, onwestern, historiesthe, subjectsamong, bestpernicious, worstfor, nationbuilding, capitalwhich, profilestypically, menfurther, recoursethus, betweenmodels, largevia, distancea, evenmention, themmardas, systemsubstantially, modelstwo, retributiveare, ofwestern, computerblaming, castebased, buildingml, whomwhat",1,0,1,
../../Data/TXTs/CleanedPapers_LDA/2021/3442188.3445897,1,AFC,1,"fromafrica, evenwhen, remainsmuch, nonafrican, reporte, educationministrymandates, timewe,researchersthe, butfrom, dataincluding, partnershipwith, frommore",0,0,1,
../../Data/TXTs/CleanedPapers_LDA/2021/3442188.3445898,1,AFC,1,"ofmetrics, regressionbased, biamore, fatphobic, biacalculating, skirtwearing, consumerfocused, weuse, whenworking, cautionwhen, individuallevel, theğ»/ğ‘…, computingubiquitous, andmobile, feltwell, pantswearing, thewithings, healthmatemobile, selftracking, toolmakers, researchmethod",1,0,1,
../../Data/TXTs/CleanedPapers_LDA/2021/3442188.3445899,1,AFC,1,"anumber,predictivemodels, theworld, graphicalmodel, modelm, â„temperature, constraintsp, gradientbased, intervenedupon, non-independentm, costacfe, postintervention, formacfe, nonactionable, ğ‘¥fğ‘ğ‘”ğ‘’, ğ‘¥scfğ‘ğ‘”ğ‘’, immutablewe, poission, logisitic, thusmore, yieldsğœ¹, forminimally, wherem, dagswithmore, modelsâ„, actiona, withassumption, pascfğ‘–, macfe, worldm, costğœ¹, cfebased, cfeğ’™f",1,0,1,
../../Data/TXTs/CleanedPapers_LDA/2021/3442188.3445900,1,AFC,1,"newai, meyou, wemay, andunanticipated, whatunanticipateduses, howmuch, bwhat, moneya, bywhomwhy, beenmade, unanticipateduses, andmonitoring, engineeringethicsepistemic, overloadingmeanings, andmoral, metacomunication, developersusers, andwhy, theway, ofmutual, computermediated, dragand-drop, nissembaum, examplewachter, anddoshi-velez, personnd, aigned, understandingneeds, anddefining, bywhat",1,0,1,
../../Data/TXTs/CleanedPapers_LDA/2021/3442188.3445902,1,AFC,1,"amedical, randomdoctors, riskthese, lossoptimal, fprğ‘†, outcomeğ‘Œ, cfpr, postprocessed, tomodels, ratiosğ‘¤/ğ‘¤, binarizedcompasğ‘›-convergence, screenin, linesğ‘¦, whereğœ“, thanğ‘ˆ, substituteğ‘Œ, forğ‘Œ, theminority, themajority, andğ´, confoundingtype, termğ‘¤e, estimatorğœ“, parameterğœ“, weightsğ‘¤, losslğ‘†",1,0,1,
../../Data/TXTs/CleanedPapers_LDA/2021/3442188.3445903,1,AFC,1,"futurework, datasetlime, aremergedwemerge, treeğ‘‡, gainand, pertained, ametric, ğœ™notbad, whereğœ™ğ‘–, shapleybased, associatedwith, attributebased, basedmodel, lettersğ´, denotedğ‘šğ‘–, setğ‘‡, letğ‘šğ‘†, ğ‘£bii, expectedmarginal, -efficiency, symmetrygeneralized, conditionl, propertym, gameğ‘¤, monotonicitym, coincideswith",1,0,1,
../../Data/TXTs/CleanedPapers_LDA/2021/3442188.3445904,1,AFC,1,"fromwhich, longterm, relationshipsare, nonrace, homogamyas, heterogamythe, non-racewe, bemost, importantwe, agentbased, questionwhat, amethodology, thismiddle, effectsin, platformsay, interactwould, byhutson, likemany, combated, microlevel, systemdynamics, red-coulured, experiental, andğ¾, matrixğº, vectorğ‘¤",1,0,1,
../../Data/TXTs/CleanedPapers_LDA/2021/3442188.3445905,1,AFC,1,"wellreasoned, deconfound, uberuv, engineeringdesigning, likeweapons, causalmodel, tuplem, variablex, modelm, casewe, thatm, variablesuu, onlyu, systemwill, scmavailable, frontand, amight, canwe, thism, systemm, makem, ifm, uberu, currentm, extendm, crashu, disablev",1,0,1,
../../Data/TXTs/CleanedPapers_LDA/2021/3442188.3445906,1,AFC,1,"kmeans, thek-means, fairk-means, ak-clustering, algorithmswhen, ofmore, linesearch, pointsu, partitionu, centersc, letuc, whereu, searchu, datawhile, kmedian, objectivebased, argminc, givenu, letma, groupa, capproximation, programwill, -simplex, maxj, vectorv, letvs, quasiconvex, integersm, asianpac-islander, lowereducated, groupswhenusing, algorithmversus, fairlloyd, fairlet, algorthm",1,0,1,
../../Data/TXTs/CleanedPapers_LDA/2021/3442188.3445907,1,AFC,1,"crosslingual, indepth, braveìœ ì¹˜í•´, asë…¼ë¦¬ì ì´ì•¼, logicalìš©ê°í•´, orê·€ì—¬ì›Œ, weakí—ˆì•½í•´, asì•½ì‚­ë¹¨ë¼, nosedive, elementarya, malegendered, evaluatedmt, beenwrongly, koreanenglish, crosslinguistically, tlen, whereê±”, coreferencemight, loanwordmodel, thatwhether, totype, andmaking, genderswapping, gender-relatedmeasurements, genderneutral, -when, compatiblewith, thefluency, translationbesides",1,1,1,
../../Data/TXTs/CleanedPapers_LDA/2021/3442188.3445909,1,AFC,1,"humancentered, domainspecific, templateinformed, embeddingmatching, learnedmetrics, bepoke, benchamrking, indiceshigher, dalechall, yeears, futurework, relatedwork, annotaors, trigrams, ngram-generated, chexpertaccuracy, oftenwould, fewways, tomodify, satisfiedwith",1,0,1,
../../Data/TXTs/CleanedPapers_LDA/2021/3442188.3445910,1,AFC,1,"stateof-the-art, thatdrawing, doctrineaims, biaswhich, one-shotthat, egnatural, whichimperceptible, themodel, androbustness, ethnicityor, datasetd, carliniwagners, respectivelywe, andf, -perturbation, thewild, datasetscifar-, squeezenet_, worldwe, suceptible, therefrom, randomzied, wenow, samemodels, cariliniwagner, plotf, egsee, implemntation, regularizationa, communitycan, observationalwe, commonlyused, morallyladen",1,1,1,
../../Data/TXTs/CleanedPapers_LDA/2021/3442188.3445911,1,AFC,1,"withmore, recommendationswe, perceptionswhile, characteristicswemeasured, ammr, excludedwe, viewwe, humancentered, studiesempirical, inhci, enablemultiperspectivity, usercentric, topicspecific, ofmodel",1,0,1,
../../Data/TXTs/CleanedPapers_LDA/2021/3442188.3445912,1,AFC,1,"resourceallocating, networkswe, themost, frommechanism, individualand, discriminationwe, tastebased, holdmisspecified, processesparticularly, similarindividuals, longterm, componentwise, linewith, strategyproofness,up-coding, upcoding, modelsfor, upcode, groupaware, itwhat, highfrequency, componentsadvertisers, mechanismmay, andmost, importantlyhow, universitybased, discriminationwill, bymachine, candidatesa, misspecified",1,0,1,
../../Data/TXTs/CleanedPapers_LDA/2021/3442188.3445913,1,AFC,1,"grouprepresentative, thresholdğ‘ˆ, problemwhere, onmaximum, costğ¶, optcost, givenğ‘š, abserrorğ¶, cabserrorfair, crelerrorfair, andrelerror, abserrorfair, relativemeasure, relerrorğ¶, bicriteria, ğ‘¥-coordinate, relerrordiffğ¶, nphard, costğ‘œğ‘ğ‘¡ğ´, costğ‘œğ‘ğ‘¡ğµ,costopta,  costoptb, ğ‘¦-coordinate, anğ›¼-approximation, ğ‘˜-clustering, haveğ‘š, fairlpabserror, maxğ‘¡ğœ–, ğ‘¦value, k-med-approxğ‘‹ğ‘–, fairlprelerror, groupsğ‘‹, boundğ‘ˆ, -faithful, choosesğ‘¢, distributionn, hoursper-week, itwemodify, bi-critera",1,0,1,
../../Data/TXTs/CleanedPapers_LDA/2021/3442188.3445914,1,AFC,1,"disciplinesincluding, humancomputer, goalto, lostand, awknowledge, studentsin, laterit, foundfor, participaction, differentlywhat, dijkstras, appliedwhich, axeshard, knowledgeincluding, csand, aihas, courseas, practitionersexposing, expertisewe, expertisethat, thirtyone, socialthe, softwhich, aiwhich, areoften, notmerely, cross-citationie, effortoften, schoolfor, coursemostly, therewere, inadvertentlyinaccessible, newthis, situationsevidence, commonoften, executies, crossdisciplinary, approachit, courseswe, exclusionthat, selfimportance, technosolutionism, redditas, regardedat, expertises, corporationat",0,0,1,
../../Data/TXTs/CleanedPapers_LDA/2021/3442188.3445915,1,AFC,1,"computingmethodologiesmachine, learningphilosophical/theoretical, groupğ´s, groupdependent, ourmain, areğ‘š, underlyingmessage, futureworks, losswith,ourmethods, whereh, atmostğ›¿, signğ‘¦ğ‘–, tprğ‘§, fprğ‘§, ğ‘“fair, andarrest, cleanadult, weevaluate, redğ‘š, themethods, ommited, fromucimachine, onğ‘Œ, ermwith, groupweighted, aswe, datasest, equaltion",1,0,1,
../../Data/TXTs/CleanedPapers_LDA/2021/3442188.3445916,1,AFC,1,"betweenmodel, meansğ‘‹, andğ‘, frommodel, amodel, targetwords, eachmodel, textcnn, vectormachines, downstreamai, languagewikipedia, followswe, howword, fromwikipedia, pre-trainedword, closewords, langauge, learningmodels, neutralthe, tnewsdatasetthetnewsdataset, valanced, smallertherefore, betweenwikipedia, respectivelythe, individualmessages, knowwithout, andwuerkaixi, edgechinese, andwikipedia, amongword, trainedwith, algorithmwordvec, chinathe, representthis, thewords, attributeswords, stddevğ‘–ğ‘ , meanğ‘–, meanğ‘ğµ, meanğ‘ğ´, onchinese, thanwikipedia, bywang, otherword, wikipedia-, wikipediaand, expections, outletthe",1,0,1,
../../Data/TXTs/CleanedPapers_LDA/2021/3442188.3445917,1,AFC,1,"threelayered, usecase, decisionrelevant",0,0,1,
../../Data/TXTs/CleanedPapers_LDA/2021/3442188.3445918,1,AFC,1,"skilful, myopiasespecially, avoidmaking, resoved, sincemanymaintenance, underappreciation, wellformedness, documentedduring, madeand, datasetsprior, nontechnicalare, consideredboth, establishedwhereas, requirementscovering, specificationsdirectly, lifeycle, attributality-responsibility, responsibilityeg, systemsdata, onand, makingincluding, mlhave, rigourwhen, robustmaintenancemechanisms, betterexemplified, themlmodel, andperhaps, theway, teamsmay, etcwhile, softwareand, paperscritical",1,0,1,
../../Data/TXTs/CleanedPapers_LDA/2021/3442188.3445919,1,AFC,1,"computingmethodologiesphilosophical/theoretical, ofwork, decisionğ‘Š, meritğ‘€, choosingğ‘Š, thanğ‘€, practiceğ‘š, thatğ‘š, allocateğ‘Š, thatğ‘Š, denoteğ‘¤, ofğ‘Š, forğ‘šğ‘‹, variableğ´, forğ‘Š, algorithmğ‘¤, predictionsğ‘š, whereğ‘€ğ‘Š, inğ‘€, treatmentğ‘Š, policyğ‘¤, andwhat, fairnessbased, probabilitiesğ‘¤, estimateğ‘›ğ‘¥, fromğ‘Š, whiteğ‘Š, useğ¶ğ‘ğ‘¡, wherewe, assumptionğ‘Œ, receivingğ‘Š, probabilityğ‘¤, chosenğ‘¤, mappingğ‘¤, ruleğ‘¤, onmeritwe, karushkuhntucker, definingğ‘¤",1,0,1,
../../Data/TXTs/CleanedPapers_LDA/2021/3442188.3445920,1,AFC,1,"ofwhite, percieved, themost, casewe, rulesets, onecycle, crossentropy, blackwhite, tomitigate, selfconsistency, societyaltering, andhaynes, etals, agreementhighest, faceswe, crosscultural",1,0,1,
../../Data/TXTs/CleanedPapers_LDA/2021/3442188.3445921,1,AFC,1,"policymanagement, systemsdevelopmentautomation, lawgoverning, decision-makingtoadm, systemsconsidering, impracticalwith, practicalitiesandfutureresearch, newworkflows, onis, metadataincluding, heremanagers, interventionwould, admactions, peoplegenerally, itselfeven, processoperates, tomen, towomen, inadmalignswith, bemeaningful, howmodels, ofmodel, dismissedare, itselfeg, sharingis, lifecyclecreation, world-atlarge, bymanagers, proposalswhether,othersaddress, inmls, model-focusedmechanisms, processs, revewability, evaluationmetrics, toin, servicesdetails, engagementseg, advicewas, andwhether, playare, justificationwhat, recordkeeping, usemanagers, admprocess, theoryensure, givenunless, inadequateare, andcruciallyat, reviewabilitywith, processhelps, stagesfrom, scrutinyeach, amodel-driven",0,0,1,
../../Data/TXTs/CleanedPapers_LDA/2021/3442188.3445923,1,AFC,1,"amethod, trustwhen, trustworthinessis, detaches, canwe, humancomputer, trustby, weprovide, trusteewhere, possiblybut, certainlyoccur, trustas, iswarranted, humanai, aimodel, freelyon, goalit, justifiedtrust, humanmachine, truston, causalityie, effortaround, beliefor, modelwhich, performanceis, amodel, boundarya, todaythere, manymachine, contractie, classifymedical, onwhat, fromaimodels, analayzing, anaimodel, trustin, nontrustworthiness, themodel, futureor",1,0,1,
../../Data/TXTs/CleanedPapers_LDA/2021/3442188.3445924,1,AFC,1,"computingmethodologiesnatural, ofwikipedia, followsğ‘›, generatingwith, onwikipedia, ctrltht",1,0,1,
../../Data/TXTs/CleanedPapers_LDA/2021/3442188.3445925,1,AFC,1,"euus, futurework, tiltvalidatorvalidatedocumentfromurldocument_url, tostringmethods, defacto, nonterminal, privacyrelated, developerfriendliness, generalizedmanner, standardizedmanner, otherworks, bymeans, transparencyrelated, casestudies",1,0,1,
../../Data/TXTs/CleanedPapers_LDA/2021/3442188.3445927,1,AFC,1,"distributionq, ğ‘ odd, rejecthodd, hypothesishodd, whereğ‘ˆğ‘, qfodd, rodd, hodd, probabilisitc, andmitigate, computationmathematical, oddswasserstein, ourwasserstein, functionâ„, classifierâ„, setÏ€qq, hypothesish, thewasserstein, marginallyconstrained, wenow, hypothesishopp. rejecthopp, hasmean, intuitivelyq, makesâ„ğ›½",1,0,1,
../../Data/TXTs/CleanedPapers_LDA/2021/3442188.3445928,1,AFC,1,"applicantspymetrics, themedian, withmedian, fairnessmetrics, kruskalwallis, countkw, countmwğ‘ˆ, algorithmif, formodel, eeocdefined, wewere, highperforming, predictivemodels, individualsthe, fourfifths, testingwe",1,0,1,
../../Data/TXTs/CleanedPapers_LDA/2021/3442188.3445930,1,AFC,1,"utilitiesas, rulegiving, taskthis, -test, controlgrp, theywere, rulewith, utilitieswere, medianÎ², ymaxbmaxj, xmax, powerlaw, polyn, definetp, counterstereotypical, shortlistindependent, ourmodel, amazonmechanical, turkwe, andmicrosoft, betaab, longterm, designthere, utils, utilsx, utilt, utilsâ„“, knowu, seesu, performanceat, interviewit, utilityu, thatu, betaa, betaat, constantc, mediana, objectiveand, ofx, thatx, fewerx, slowlearningwithouttherooneyrule, //update, letu, //shortlist, argmaxs, //observed, //implicit",1,0,1,
../../Data/TXTs/CleanedPapers_LDA/2021/3442188.3445931,1,AFC,1,"outputdependent, noin, checkin, decision-makingprocess, themewas, thirdmost, freetext, andtrust, deservedoutcome, ofagreement, reroute, rerouting, overbooked, dynamicallypriced, themodel, ismulti-dimensional, knowmore, systemwe",1,0,1,
../../Data/TXTs/CleanedPapers_LDA/2021/3442188.3445932,1,AFC,1,"state-ofthe-art, wemeasure, comewith, ourmethods, generalpurpose, maleand, ingroup, mostlywhite, groupmembers, betweenwhites, ofwhite, towardswhite, ower-insect, humanlike, contextspecic, femalemore, co-occurswith, imagemodels, twoweats, internetscale, applyingweat, validitywe, out-ofsample, returnsmostly, thatmeaningfully, howwe, highquality,resnetg, state-of-theart, contextualizedword, andchen, theweat, //projectimplicitorg, meang, associatedwith, personmay, themodels, tensorow,   ",1,1,1,
../../Data/TXTs/CleanedPapers_LDA/2021/3442188.3445933,1,AFC,1,"holisitc, engagementwe, lvmwith, notationwe, ofğ´, excludingğ‘‰, valueğ‘‰, toğº, themarkov, wewill, realizationğ‘¤, collorary, howwe, ameasure, probabilitypğ‘…, weassume, fromğ‘‹, behaviorğ‘‹, andmulti-faceted, haveğ‘‰, amatrix, thatğ‘‰, setğ‘„ğ‘¤, opt-outengage, thebayesian, networkwe, toml-driven, gainmore, beforemaking, variableğ‘‰",1,0,1,
../../Data/TXTs/CleanedPapers_LDA/2021/3442188.3445934,1,AFC,1,"methodologiesmachine, andmacos, byapple, privacyrobustness, lengthwe, stateof-the-art, privacyfairness, icumortality, post-processinga, ofmodel, themajority, fromblack, bothwhite, andblack, forwhite, themost, inmimic-iii, densenet-, grud, year-toyear, mimiciii, tomeasure, highwithmany, formortality",1,0,1,
../../Data/TXTs/CleanedPapers_LDA/2021/3442188.3445935,1,AFC,1,"algorithimic, assumptionsp, discimination, andmaintained, concernwhen, andwhat, familieswerent, predictedchances, structuresor, activitiesand, platformdescribed, groupsoften, computinghci, sociomaterialharms, systemsmayproduce, relationshipsbetween, systemsare, andmeasured, standardizedmetrics, wewill, renderedmeasurable, andproduce, aboutwhat, riskhow, endto-end, amodel, harmswithin, andwho, coproduction, actornetwork, itselfin, onwater, alreadydeployed, inhouse, operativerather, governanceensuring, gianclaudiomalgieri, peopleat, conversationdescribes, aiasan, assessmentsfunction, impactsand, learnall, inediblethese, harmchemists",0,0,1,
../../Data/TXTs/CleanedPapers_LDA/2021/3442188.3445936,1,AFC,1,"reoffends, thewaebi, mostmorally, involvemb, shownot, assumedwaeps, onmerit, methodologiesmachine, attributeğ´, articlemachine, purelymathematical, definewae, biascs, precisions, discriminationos, biasps, describeswhich, bymb, distinctmoral, ofmb, thewaeworldview, impliedwhen, dealingwith",1,0,1,
../../Data/TXTs/CleanedPapers_LDA/2021/3442188.3445937,1,AFC,1,"frameworkseven, learningmodels, ormachine, structureno, communitydriven, andmodels, deliverablesa, recognizedbrooks, crossfunctional, freedomof-information, overquantification, zerocash, designmethodology, softwarebased, gapstraceability, organizationmaintainability",0,0,1,
../../Data/TXTs/CleanedPapers_LDA/2021/3442188.3445938,1,AFC,1,"intendeduse, andworksheet, systemmap, theworksheet, societyour, systemssuch, inmonitoring, perioda, computingmethodologiesartificial, violationssuch, governanceone, toolkitthe, policyfacing, aworksheet, decomposingai, frommicrosoft, washingtonwhere, begunworking, workas, critplatbegan, theaekit, nonspecialists, ",1,0,1,
../../Data/TXTs/CleanedPapers_LDA/2021/3442188.3445939,1,AFC,1,"collectmatter, designedincluding, refinementand, twentiethcentury, selfreflexivity, allwill, collectedindeed, wellarticulated, omitall, emotionaugmented, falsifybecause, behaviorsis, bayesact, vocaldiagnostic, frts, analysistreating, ofhuman, forand, antivivisectionists",1,0,1,
../../Data/TXTs/CleanedPapers_LDA/2021/3442188.3445940,1,AFC,1,"compsuntion, eachmodule, profling, propertyğ´, indexwmagnitude, contingencyğ¶, learningmodel, amachine, selcetion",1,0,1,
../../Data/TXTs/CleanedPapers_LDA/2021/3442188.3445941,1,AFC,1,"performancewise, holmbonferroni, agreementaccuracy, themost, byml, mlmodel, tomeet, themodel, objectivelymeasuring, enduser, howmuch, xaimodel, howwell, stateof-the-art, treeinterpreter, explanationswe, ormultiple, evaluationmethodology, humanin-the-loop, threestage, additionalmlmodel",0,0,1,
../../Data/TXTs/CleanedPapers_LDA/2021/3442188.3445943,1,AFC,1,"contextsensitivity, modularityare, tendenciesde-emphasizing, humancentered, andmore, andwhat, explanationmethods, contextsensitive, algorithmif,thosemethods, viewwe, projectsfor, claimsinteracting, operatethe, knowledgethat, enduser, attributionsğœ™, localaccuracy, throughğ‘›, explanationmethod, somemodel, predictioncentered",1,0,1,
../../Data/TXTs/CleanedPapers_LDA/2021/3442188.3445944,1,AFC,1,"sectionwe, buybox, thenbr, alongwith, categoriesmore, computingempirical, amazonin, wherewe, expectedonemight, itemssponsored, observationsamazon, plmembership, spaceweobserve, categroy, themedian, kullbackleibler, explicitlymentionedwho, amazonpl, productswhich, expbias, biaswe, webpagewhen, aremajorly, amazonmarketplace, dowe, tworinsoften, groupsg, in-degreeo, ",1,0,1,
../../Data/TXTs/CleanedPapers_LDA/2021/3442188.3445971,1,AFC,1,"assumputions, falsenegative, onmetrics, prequiz, postsurvey, postquiz, highlevel, valaues, designrelated, themodel, inclass, trainedmlmodel, learningbased,  covidpandemic, ",0,0,1,
../../Data/TXTs/CleanedPapers_LDA/2018_abstracts/duarte18a,1,AFC,1,,0,0,1,
../../Data/TXTs/CleanedPapers_LDA/2018_abstracts/selbst18a,1,AFC,1,functionallyin,0,0,1,
../../Data/TXTs/CleanedPapers_LDA/2019_abstracts/3287560.3287593,1,AFC,1,"determinewhich, fromhbac, themechanisms, andwhite",1,0,1,
../../Data/TXTs/CleanedPapers_LDA/2020_abstracts/3351095.3373153,1,AFC,1,,0,0,1,
../../Data/TXTs/CleanedPapers_LDA/2020_abstracts/3351095.3373156,1,AFC,1,"habitusa, improvisationsthat, situationsor, amodaland, sociologicalstarting, th-century",0,0,1,
../../Data/TXTs/CleanedPapers_LDA/2020_abstracts/3351095.3375674,1,AFC,1,"frommere, ormeanness, computationdesign",0,0,1,
../../Data/TXTs/CleanedPapers_LDA/2020_abstracts/3351095.3375680,1,AFC,1,,1,0,1,
../../Data/TXTs/CleanedPapers_LDA/2020_abstracts/3351095.3375682,1,AFC,1,,0,0,1,
../../Data/TXTs/CleanedPapers_LDA/2020_abstracts/3351095.3375685,1,AFC,1,,0,0,1,
../../Data/TXTs/CleanedPapers_LDA/2020_abstracts/3351095.3375686,1,AFC,1,,0,0,1,
../../Data/TXTs/CleanedPapers_LDA/2020_abstracts/3351095.3375688,1,AFC,1,agendaswho,0,0,1,
../../Data/TXTs/CleanedPapers_LDA/2020_abstracts/3351095.3375689,1,AFC,1,,0,0,1,
../../Data/TXTs/CleanedPapers_LDA/2020_abstracts/3351095.3375691,1,AFC,1,"underarticulated, taskhow",0,0,1,
../../Data/TXTs/CleanedPapers_LDA/2020_abstracts/3351095.3375692,1,AFC,1,"thedesign, andourdata",0,0,1,
../../Data/TXTs/CleanedPapers_LDA/2020_abstracts/3351095.3375697,1,AFC,1,"humanitiesmedia, transfeminist",0,0,1,
../../Data/TXTs/CleanedPapers_LDA/2021_abstracts/3442188.3445864,1,AFC,1,,0,0,1,
../../Data/TXTs/CleanedPapers_LDA/2021_abstracts/3442188.3445866,1,AFC,0,,0,0,1,
../../Data/TXTs/CleanedPapers_LDA/2021_abstracts/3442188.3445889,1,AFC,0,"policiessuch, actionon",0,0,1,
../../Data/TXTs/CleanedPapers_LDA/2021_abstracts/3442188.3445891,1,AFC,1,,0,0,1,
../../Data/TXTs/CleanedPapers_LDA/2021_abstracts/3442188.3445893,1,AFC,1,"andprofessional, topicsrace, humancentered",0,0,1,
../../Data/TXTs/CleanedPapers_LDA/2021/3442188.3445908,1,AFC,1,"failurecash, prpretrial, prftacash, severitywe, ourmodel, bottomright, eachmagistrate, Ï„misdemeanor, Ï„felony, Ï„female,Ï„male, Ï„white, Ï„black, stylizedmodel, inframarginality, bailkct, outcomeict, bailict, redbeta, bluebeta, Î¸release, prreleaseb, Î¸treleasex, themodel, beliefsÏ„, determinewhether, Ï„prftacash, notmultimodal, hamiltonian, themetropolis-hastings, onwhether, miamidade, themagistrates, pcash, pcashbail, amountsmay, whowere, cashbail",1,0,1,
../../Data/TXTs/CleanedPapers_LDA/2021_abstracts/3442188.3445926,1,AFC,1,topicshistory,0,0,1,
../../Data/TXTs/CleanedPapers_LDA/2021_abstracts/3442188.3445929,1,AFC,1,,0,0,1,
../../Data/TXTs/CleanedPapers_LDA/2021_abstracts/3442188.3445942,1,AFC,1,,0,0,1,
